uid,node
5,[]
6,[]
8,[]
9,[]
10,[]
11,[]
15,[]
16,['/node/83']
18,[]
20,[]
22,[]
23,[]
25,[]
26,[]
27,[]
28,"['/node/730','/node/1154','/node/1102']"
30,[]
32,[]
34,[]
35,[]
39,[]
42,"['/node/1180','/node/83','/node/488','/node/475']"
43,[]
44,[]
45,[]
46,[]
49,[]
50,[]
52,[]
54,[]
56,"['/node/1247','/node/381']"
57,[]
60,[]
62,['/node/1334']
63,[]
66,[]
68,['/node/471']
69,[]
71,[]
76,[]
77,[]
78,[]
82,[]
85,"['/node/896','/node/1032','/node/1334','/node/1195']"
86,[]
88,[]
90,[]
91,[]
92,[]
96,[]
97,[]
100,"['/node/295','/node/1471','/node/291']"
101,[]
108,[]
110,['/node/1415']
111,"['/node/271','/node/668']"
112,[]
115,[]
116,[]
117,['/node/1133']
118,[]
121,[]
123,[]
126,[]
127,[]
129,[]
131,[]
132,['/node/1882']
135,[]
137,['/node/1011']
139,"['/node/1670','/node/295','/node/1940','/node/13']"
140,[]
141,[]
142,[]
145,[]
148,[]
150,[]
151,[]
152,[]
155,[]
164,[]
167,[]
169,[]
170,"['/node/1778','/node/1195']"
174,[]
176,[]
180,[]
182,[]
183,[]
184,[]
185,[]
186,[]
187,[]
189,[]
190,[]
191,"['/node/780','/node/867']"
192,[]
197,[]
198,[]
199,[]
201,[]
203,[]
205,[]
206,[]
211,[]
212,['/node/218']
214,[]
216,[]
219,[]
226,[]
229,[]
230,['/node/432']
231,[]
233,"['/node/668','/node/295','/node/1875','/node/1975']"
237,[]
239,[]
243,[]
250,[]
251,"['/node/1809','/node/1675','/node/109']"
253,[]
255,[]
256,[]
259,['/node/139']
261,[]
266,[]
267,['/node/982']
268,[]
269,[]
271,[]
272,[]
273,[]
274,"['/node/1932','/node/1674']"
277,[]
278,[]
283,[]
284,[]
285,[]
289,"['/node/1334','/node/1102','/node/1252','/node/1496','/node/1247']"
290,[]
294,[]
300,"['/node/348','/node/646']"
302,[]
303,[]
304,['/node/668']
306,[]
308,[]
310,[]
311,[]
312,[]
314,[]
315,[]
318,[]
320,[]
323,"['/node/1247','/node/1154','/node/646','/node/668']"
324,['/node/1800']
326,[]
329,[]
330,[]
331,['/node/1437']
333,[]
334,[]
335,[]
336,[]
337,['/node/83']
338,[]
339,[]
340,['/node/1247']
342,[]
343,[]
345,[]
349,[]
350,[]
351,[]
352,[]
353,[]
355,[]
357,[]
358,[]
359,[]
362,[]
364,"['/node/1590','/node/471','/node/646']"
365,"['/node/646','/node/1017']"
367,[]
368,[]
369,[]
370,[]
374,[]
375,[]
377,[]
378,[]
379,[]
380,"['/node/643','/node/870','/node/1334']"
381,"['/node/1334','/node/1917','/node/758','/node/448']"
384,[]
387,[]
389,[]
393,[]
398,[]
400,[]
401,[]
402,[]
408,[]
412,[]
413,[]
414,[]
415,[]
420,[]
425,[]
426,[]
429,[]
430,[]
431,[]
432,[]
433,[]
434,[]
436,[]
437,[]
438,['/node/1437']
439,[]
442,[]
444,[]
445,[]
446,[]
451,[]
452,"['/node/404','/node/471','/node/83','/node/83']"
459,[]
460,[]
462,[]
465,['/node/1741']
466,[]
471,[]
472,[]
475,[]
477,[]
483,[]
485,[]
486,[]
487,[]
488,[]
490,[]
491,['/node/1334']
495,[]
497,[]
498,[]
500,[]
501,[]
504,[]
507,[]
509,[]
510,[]
511,[]
516,[]
518,[]
519,['/node/83']
520,[]
521,[]
522,[]
523,[]
524,['/node/1102']
525,[]
526,[]
529,[]
534,[]
538,[]
540,[]
542,[]
544,[]
546,[]
547,[]
549,[]
551,[]
552,['/node/83']
553,[]
554,[]
555,[]
560,[]
561,[]
562,[]
563,[]
564,[]
566,[]
567,[]
569,[]
571,[]
572,[]
575,[]
576,[]
578,[]
580,[]
581,[]
583,[]
584,[]
585,[]
586,[]
587,[]
588,[]
589,[]
591,[]
593,[]
597,[]
600,[]
605,[]
607,[]
609,[]
610,[]
613,"['/node/314','/node/668']"
615,[]
616,[]
618,[]
619,[]
620,[]
622,[]
623,['/node/29']
625,[]
626,[]
628,[]
631,"['/node/1875','/node/1496']"
634,[]
638,[]
639,[]
640,[]
644,[]
645,[]
646,[]
649,[]
652,[]
654,[]
655,[]
656,"['/node/1094','/node/982']"
658,[]
660,[]
661,[]
662,[]
664,[]
665,[]
666,[]
667,['/node/1892']
668,[]
669,[]
670,[]
673,[]
674,[]
679,[]
681,[]
685,[]
687,[]
688,[]
692,[]
693,[]
694,[]
695,[]
699,[]
700,[]
702,[]
704,[]
705,[]
706,[]
707,[]
708,[]
709,[]
710,[]
714,[]
715,['/node/1102']
716,[]
718,[]
719,[]
721,[]
722,[]
724,[]
727,[]
730,[]
733,[]
734,[]
738,[]
739,[]
742,[]
743,[]
744,[]
745,[]
746,[]
753,[]
756,[]
757,[]
758,['/node/646']
760,[]
761,[]
762,[]
772,[]
773,[]
774,[]
777,[]
780,[]
781,[]
786,[]
788,['/node/1334']
789,[]
791,[]
792,[]
795,[]
799,[]
800,[]
801,[]
802,[]
807,[]
810,[]
811,[]
812,[]
813,[]
816,[]
820,[]
822,[]
825,[]
829,['/node/646']
831,['/node/896']
833,[]
834,['/node/826']
835,[]
837,[]
838,[]
839,[]
844,[]
845,[]
846,[]
847,[]
851,[]
857,[]
858,[]
861,[]
867,[]
870,[]
872,[]
875,[]
876,[]
878,[]
880,[]
881,[]
884,[]
888,[]
889,[]
890,"['/node/124','/node/258','/node/1274','/node/506']"
891,[]
894,[]
895,['/node/1809']
896,[]
900,[]
901,[]
902,[]
904,[]
905,['/node/83']
906,[]
907,"['/node/477','/node/1919']"
909,[]
911,[]
915,[]
916,[]
918,[]
919,[]
921,[]
922,[]
924,[]
928,[]
929,[]
930,[]
931,[]
933,[]
935,['/node/1415']
939,[]
942,[]
944,[]
949,[]
952,[]
954,[]
956,[]
957,[]
958,[]
960,[]
963,[]
964,[]
965,[]
967,[]
969,[]
971,[]
973,"['/node/83','/node/1195']"
976,[]
978,[]
979,[]
980,[]
983,[]
986,"['/node/504','/node/646']"
988,"['/node/646','/node/250']"
989,[]
992,[]
993,[]
994,[]
995,[]
999,[]
1001,[]
1002,[]
1004,[]
1007,[]
1008,[]
1009,[]
1011,[]
1012,[]
1015,[]
1018,[]
1019,[]
1020,[]
1021,[]
1026,[]
1029,[]
1031,[]
1035,[]
1036,[]
1039,[]
1041,"['/node/1102','/node/442','/node/1007','/node/262','/node/83','/node/1415','/node/668']"
1044,[]
1045,[]
1046,[]
1050,[]
1053,[]
1056,[]
1057,[]
1058,[]
1065,[]
1067,[]
1069,[]
1071,[]
1072,[]
1073,[]
1074,[]
1075,[]
1076,[]
1078,[]
1080,[]
1084,[]
1091,[]
1092,[]
1093,[]
1095,[]
1096,[]
1098,[]
1100,[]
1101,[]
1104,[]
1106,[]
1107,[]
1108,"['/node/1094','/node/1233','/node/1267','/node/646']"
1109,[]
1113,[]
1115,['/node/224']
1120,[]
1122,[]
1123,[]
1124,[]
1125,[]
1129,[]
1130,['/node/271']
1133,[]
1135,[]
1140,[]
1143,[]
1146,[]
1147,[]
1148,[]
1149,[]
1153,[]
1154,[]
1155,[]
1159,[]
1160,['/node/291']
1162,[]
1163,[]
1164,[]
1165,[]
1166,[]
1171,['/node/387']
1173,['/node/826']
1174,[]
1178,[]
1180,[]
1181,[]
1183,[]
1184,[]
1185,[]
1191,[]
1194,[]
1198,[]
1199,[]
1200,[]
1208,[]
1209,[]
1215,[]
1225,[]
1226,[]
1228,[]
1230,[]
1232,[]
1234,[]
1235,[]
1237,[]
1241,[]
1243,[]
1245,[]
1246,[]
1247,[]
1250,[]
1251,[]
1252,[]
1253,[]
1254,[]
1255,['/node/668']
1256,[]
1257,[]
1258,[]
1259,[]
1263,[]
1264,[]
1266,"['/node/295','/node/1334']"
1267,[]
1268,[]
1269,[]
1270,[]
1272,[]
1273,['/node/83']
1275,"['/node/620','/node/1274']"
1277,[]
1279,[]
1281,"['/node/1675','/node/819']"
1283,[]
1288,[]
1292,[]
1293,"['/node/1200','/node/1809']"
1295,[]
1296,[]
1303,[]
1304,[]
1305,[]
1308,[]
1309,[]
1311,[]
1312,[]
1314,[]
1315,[]
1316,[]
1317,[]
1319,[]
1321,[]
1322,[]
1323,[]
1326,[]
1329,[]
1330,[]
1331,[]
1334,[]
1336,[]
1337,[]
1343,[]
1344,[]
1346,[]
1347,[]
1348,[]
1350,[]
1351,[]
1353,[]
1354,[]
1357,"['/node/643','/node/247']"
1358,[]
1359,[]
1367,"['/node/295','/node/1155']"
1368,[]
1369,[]
1370,[]
1374,[]
1375,[]
1376,[]
1377,[]
1378,[]
1379,[]
1380,[]
1381,[]
1383,[]
1384,[]
1385,[]
1386,[]
1387,[]
1390,[]
1393,[]
1399,[]
1404,[]
1406,[]
1407,[]
1408,[]
1411,[]
1412,[]
1415,[]
1416,[]
1417,[]
1419,[]
1422,"['/node/83','/node/1884','/node/242']"
1423,"['/node/646','/node/291']"
1424,[]
1427,[]
1431,[]
1432,[]
1433,[]
1434,[]
1439,[]
1440,['/node/1222']
1441,['/node/457']
1442,[]
1444,['/node/738']
1445,"['/node/1334','/node/1211']"
1446,[]
1447,[]
1451,['/node/1274']
1454,[]
1455,[]
1459,[]
1462,[]
1465,[]
1467,[]
1468,[]
1469,[]
1470,[]
1471,[]
1472,[]
1474,[]
1475,[]
1476,[]
1478,[]
1480,[]
1481,[]
1486,[]
1487,[]
1488,[]
1489,[]
1491,[]
1492,[]
1496,[]
1497,[]
1498,[]
1500,[]
1501,['/node/428']
1502,[]
1504,[]
1505,[]
1506,[]
1508,[]
1513,[]
1515,[]
1516,[]
1518,[]
1519,[]
1520,[]
1522,[]
1523,[]
1525,[]
1527,[]
1528,[]
1529,[]
1531,[]
1532,[]
1536,[]
1537,"['/node/1180','/node/867','/node/1956','/node/83']"
1538,[]
1540,[]
1541,[]
1543,[]
1545,['/node/1334']
1547,[]
1551,[]
1552,[]
1554,[]
1556,[]
1559,[]
1561,[]
1563,[]
1564,[]
1566,[]
1567,['/node/646']
1568,[]
1570,['/node/1707']
1572,[]
1574,['/node/430']
1576,[]
1580,[]
1581,[]
1582,[]
1583,[]
1584,[]
1589,[]
1592,[]
1594,[]
1595,['/node/902']
1599,[]
1600,[]
1603,[]
1605,[]
1606,"['/node/668','/node/709','/node/124','/node/1522','/node/1233','/node/1892','/node/83','/node/83']"
1609,[]
1610,"['/node/709','/node/1102','/node/646']"
1611,[]
1616,[]
1620,[]
1621,[]
1626,"['/node/646','/node/1326']"
1631,[]
1632,[]
1634,['/node/1542']
1635,[]
1636,"['/node/1102','/node/224']"
1637,[]
1642,[]
1643,[]
1647,[]
1649,"['/node/646','/node/1334']"
1652,[]
1653,[]
1654,[]
1655,[]
1656,[]
1657,[]
1660,[]
1661,[]
1662,['/node/83']
1664,[]
1665,[]
1669,[]
1670,[]
1671,[]
1674,[]
1678,[]
1679,['/node/1243']
1680,[]
1681,[]
1682,[]
1688,[]
1691,[]
1693,[]
1694,[]
1695,[]
1697,[]
1700,[]
1701,['/node/920']
1702,['/node/1778']
1703,[]
1704,[]
1706,[]
1708,[]
1709,[]
1710,[]
1711,[]
1712,['/node/242']
1713,['/node/1867']
1716,[]
1718,['/node/1292']
1719,[]
1720,['/node/83']
1721,[]
1722,[]
1723,[]
1724,[]
1725,[]
1726,[]
1732,[]
1733,[]
1734,[]
1736,[]
1737,[]
1739,[]
1740,[]
1743,[]
1747,[]
1748,['/node/1334']
1749,[]
1750,[]
1751,[]
1759,[]
1760,[]
1761,[]
1764,['/node/83']
1765,[]
1766,[]
1769,[]
1770,[]
1772,[]
1774,[]
1776,[]
1777,['/node/1334']
1778,['/node/1334']
1780,[]
1782,[]
1783,"['/node/475','/node/1438']"
1787,['/node/271']
1788,[]
1789,[]
1790,[]
1791,[]
1792,[]
1795,"['/node/1785','/node/83']"
1800,[]
1802,[]
1803,[]
1804,[]
1805,[]
1808,[]
1810,[]
1812,[]
1813,[]
1814,[]
1816,[]
1817,"['/node/780','/node/139']"
1824,[]
1825,[]
1828,[]
1829,[]
1831,[]
1835,[]
1839,['/node/1233']
1841,[]
1842,[]
1847,[]
1848,[]
1850,[]
1853,[]
1854,[]
1859,[]
1861,[]
1863,"['/node/29','/node/1102','/node/83']"
1864,[]
1867,[]
1869,[]
1870,[]
1874,[]
1875,[]
1876,[]
1877,[]
1879,[]
1883,[]
1886,"['/node/668','/node/98','/node/668']"
1887,[]
1888,"['/node/1195','/node/448','/node/762','/node/83','/node/1898','/node/1496']"
1890,[]
1891,[]
1893,"['/node/1334','/node/102']"
1897,[]
1899,[]
1900,[]
1901,[]
1902,[]
1904,[]
1905,[]
1908,[]
1909,[]
1910,[]
1916,[]
1918,[]
1920,[]
1921,['/node/1940']
1922,[]
1926,[]
1927,[]
1929,[]
1932,[]
1933,[]
1937,[]
1940,[]
1941,[]
1943,[]
1945,[]
1947,[]
1948,[]
1952,"['/node/442','/node/1940']"
1953,[]
1954,[]
1956,[]
1957,[]
1959,['/node/668']
1961,[]
1964,[]
1966,[]
1967,[]
1968,[]
1969,[]
1970,[]
1973,[]
1974,"['/node/982','/node/83','/node/1196']"
1977,[]
1979,[]
1981,['/node/1415']
1982,[]
1984,[]
1985,[]
1987,[]
1995,[]
1996,['/node/646']
1997,[]
1998,['/node/1133']
1999,[]
